name,longname,URL,dataURL,ROR
AAU,Aarhus Universitet,au.dk,,01aj84f44
ABIO,abacusbio,abacusbio.com,,
ABC,Alliance of Bioversity and International Center for Tropical Agriculture,alliancebioversityciat.org,,04xsxqp89
ABU,Ahmadu Bello University,abu.edu.ng,,019apvn83
AfricaRice,Africa Rice Center,africarice.org,dataverse.harvard.edu/dataverse/AfricaRice,040y9br29
AMDSL,Agencia Mexicana para el Desarrollo Sustentable en Laderas,,,
ANU,Australian National University,anu.edu.au,,019wvm592
APNI,African Plant Nutrition Institute,apni.net,,
ARARI,Amhara Regional Agricultural Research Institute,arari.gov.et,,01vwxpj86
ARC,Agricultural Research Council of South Africa,arc.agric.za,,04r1s2546
ARSU,Arkansas State University,astate.edu,,006pyvd89
AUH,Agricultural University of Hebei,www.hebau.edu.cn,,009fw8j44
AVRDC,World Vegetable Center,avrdc.org,,05dvmy761
BARI,Bangladesh Agricultural Research Institute,bari.gov.bd,,01n09m616
BAU,Bangor University,bangor.ac.uk,,006jb1a24
BIOV,Bioversity International,alliancebioversityciat.org,,01a15g348
BUK,Bayero University Kano,buk.edu.ng,,049pzty39
BRRI,Bangladesh Rice Research Institute,brri.gov.bd,,01zmzpt10
BOKU,BOKU University,boku.ac.at,,057ff4y42
BOU,Boston University,bu.edu,,05qwgg493
CAAS,Chinese Academy of Agricultural Sciences,caas.cn,,0313jb750
CARS,Chitedze Agricultural Research Station,,,
CAU,Christian-Albrechts-Universität zu Kiel,uni-kiel.de,,04v76ef78
CIAT,International Center for Tropical Agriculture,alliancebioversityciat.org,dataverse.harvard.edu/dataverse/CIAT,037wny167
CIMMYT,International Maize and Wheat Improvement Center,cimmyt.org,data.cimmyt.org,04d4vcg59
CIP,International Potato Center,cipotato.org,data.cipotato.org,05asvgp75
CIRAD,Centre de Coopération Internationale en Recherche Agronomique pour le Développement,cirad.fr,dataverse.cirad.fr,05kpkpg04
CLU,Clemson University,clemson.edu,,037s24f05
COLSU,Colorado State University,colostate.edu,,03k1gpj17
CREA,Consiglio per la ricerca in agricoltura e l'analisi dell'economia agraria,crea.gov.it,,0327f2m07
CRS,Catholic Relief Services,crs.org,,05xm0ec82
CSIR,Council for Scientific and Industrial Research,csir.org.gh,,03ad6kn10
CSUEB,"California State University, East Bay",csueastbay.edu,,04jaeba88
CU,Cornell University,cornell.edu,,05bnh6r87
DIMITRA,Hellenic Agricultural Organization - DIMITRA,elgo.gr,,0542gd495
DRC,Danish Refugee Council,drc.ngo,,04j9qwe36
EIAR,Ethiopian Institute of Agricultural Research,eiar.gov.et,,01mhm6x57
ESS,Ethiopian Statistics Service,ess.gov.et,,
ETH,ETH Zürich,ethz.ch,,05a28rw58
FENALCE,"Federación Nacional de Cultivadores de Cereales, Leguminosas y Soya",fenalce.co,,
FOFIFA,Centre National de la Recherche Appliquée au Developpement Rural,fofifa.mg,,0579ray12
FRB,Fondation pour la recherche sur la biodiversité,fondationbiodiversite.fr,,05x5km989
FVAL,Fundación Valles,fundacionvalles.org,,
GAU,Georg-August-Universität Göttingen,uni-goettingen.de,data.goettingen-research-online.de,01y9bpm73
GISS,Goddard Institute for Space Studies,giss.nasa.gov,,01cyfxe35
GIZ,Deutsche Gesellschaft für Internationale Zusammenarbeit,giz.de,,00q08t645
GMOFA,"Ministry of Food and Agriculture, Ghana",mofa.gov.gh,,056e86068
GT,Grassroots Trust,grassrootstrust.co.nz,,
GXU,Guangxi University,www.gxu.edu.cn,,02c9qn167
HAU,Chaudhary Charan Singh Haryana Agricultural University,hau.ernet.in,,0261g6j35
HCSB,Hoima community seed bank,,,
HWU,Hawassa University,hu.edu.et,,04r15fz20
IASU,Iowa State University,iastate.edu,,04rswrd78
IAU,Islamic Azad University,iau.ir,,049g0t365
ICAR,Indian Council of Agricultural Research,icar.org.in,,04fw54a43
ICARDA,International Center for Agricultural Research in the Dry Areas,icarda.org,data.mel.cgiar.org,02n2syw04
ICDF,International Cooperation and Development Fund,icdf.org.tw,,
ICESI,Universidad Icesi,icesi.edu.co,,02t54e151
ICRAF,World Agroforestry Center,cifor-icraf.org,data.worldagroforestry.org,01kmz4383
ICRISAT,International Crops Research Institute for the Semi-Arid Tropics,icrisat.org,data.worldagroforestry.org,0541a3n79
IER,Institut d'Economie Rurale,ier.ml,,01c5j0443
IFA,International Fertilizer Association,fertilizer.org,,
IFDC,International Fertilizer Development Center,ifdc.org,,045dj7z60
IFPRI,International Food Policy Research Institute,ifpri.org,dataverse.harvard.edu/dataverse/IFPRI,03pxz9p87
IIAM,Instituto de Investigação Agrária de Moçambique,iiam.gov.mz,,05p3cb968
IITA,International Institute of Tropical Agriculture,iita.org,data.iita.org,0556kt608
ILO,International Labour Organization,ilo.org,,03tebpn36
ILRI,International Livestock Research Institute,ilri.org,data.ilri.org,01jxjwb74
ILSU,Illinois State University,illinoisstate.edu,,050kcr883
INAT,Institut National Agronomique de Tunisie,inat.tn,,02zdnfn05
INERA,Institut de l'Environnement et de Recherches Agricoles,,,
INIFAP,Instituto Nacional de Investigaciones Forestales AgrÌcolas y Pecuarias,gob.mx/inifap,,00r6gdp61
INRAMAR,Institut National de la Recherche Agronomique du Maroc,inra.org.ma,,05y503v71
INRAN,Institut National de la Recherche Agronomique du Niger,inran.refer.ne,,00rnmt205
IPNI,International Plant Nutrition Institute,ipni.net,,05dn5a810
IRD,Institut de Recherche pour le Développement,ird.fr,dataverse.ird.fr,051ykjw41
IRRI,International Rice Research Institute,irri.org,dataverse.harvard.edu/dataverse/IRRI,0593p4448
ISRIC,International Soil Reference and Information Centre,isric.org,,01z8yfp14
IWMI,International Water Management Institute,iwmi.org,,04vpcaw67
JHU,James Hutton Institute,hutton.ac.uk,,03rzp5127
JIRCAS,Japan International Research Centre for Agricultural Science,jircas.go.jp,,005pdtr14
JMU,Julius-Maximilians-Universität Würzburg,uni-wuerzburg.de,,00fbnyb24
KALRO,Kenya Agricultural and Livestock Research Organization,kalro.org,,00wawdr98
KEU,Kenyatta University,ku.ac.ke,,05p2z3x69
KSU,Kansas State University,k-state.edu,,05p1j8758
KUL,"Katholieke Universiteit, Leuven",kuleuven.be,,05f950310
LLNL,Lawrence Livermore National Laboratory,llnl.gov,,041nk4h53
LUANAR,Lilongwe University of Agriculture & Natural Resources,luanar.ac.mw,,0188qm081
LUH,Leibniz Universität Hannover,uni-hannover.de,,0304hq317
MAK,Makerere University,mak.ac.ug,,03dmz0111
MAM,Ministère de l'Agriculture du Mali,ma.gouv.ml,,
MMOA,Malawi Ministry of Agriculture,agriculture.gov.mw,,
MSU,Michigan State University,msu.edu,,00yfma824
NARC,Nepal Agricultural Research Council,narc.org.np,,05aqbwk58
NARI,National Agricultural Research Institute,,,
NARL,National Agricultural Research Laboratories,naro.go.ug/naris/narl,,
NARO,National Agricultural Research Organization,naro.go.ug,,044aa1z42
NCSB,Nyando Community seed bank,,,
NCSU,North Carolina State University,ncsu.edu,,04tj63d06
NDSU,North Dakota State University,ndsu.edu,,05h1bnb22
OAF,One Acre Fund,oneacrefund.org,,
OHSU,The Ohio State University,osu.edu,,00rs6vg23
PATAZ,Asociación Pataz,asociacionpataz.org.pe,,
PURDUE,Purdue University,purdue.edu,,05p8z3f47
PSU,Pennsylvania State University,psu.edu,,04p491231
RAB,Rwanda Agriculture and Animal Resources Development Board,rab.gov.rw,,03nkkb025
RDRS,Rangpur Dinajpur Rural Service,rdrsbangladesh.org,,
ROTH,Rothamsted Research,.rothamsted.ac.uk,,0347fy350
RRDI,Rice Research and Development Institute,doa.gov.lk/rrdi_homepage/,,
RUA,Royal University of Agriculture,rua.edu.kh,,033dmae14
SARC,Agricultural Research Council of South Africa,arc.agric.za,,04r1s2546
SARI,Selian Agricultural Research Institute,tari.go.tz/centres/tari-selian,,
SCU,Southern Cross University,,,001xkv632
SIU,"Southern Illinois University, Carbondale",siu.edu,,049kefs16
SLU,Sveriges lantbruksuniversitet,slu.se,,02yy8x990
SNV,SNV Netherlands Development Organisation,snv.org,,01a4v4q66
SPIA,Standing Panel on Impact Assessment,iaes.cgiar.org/spia,dataverse.harvard.edu/dataverse/spia,
SSSA,Scuola Superiore Sant'Anna,santannapisa.it,,025602r80
STATS4SD,Statistics for Sustainable Development,stats4sd.org,,
SUA,Sokoine University of Agriculture,sua.ac.tz,,00jdryp44
SUN,Stellenbosch University,www.sun.ac.za,,05bk57929
TARI,Tanzania Agricultural Research Institute,tari.go.tz,,00h98p168
TCD,Trinity College Dublin,tcd.ie,,02tyrky19
TLC,Total Land Care,totallandcare.net,,
TAID,Tree AID,treeaid.org,,
TUAF,Thai Nguyen University of Agriculture and Forestry,tuaf.edu.vn,,028zxrr95
UAB,Universitat Autònoma de Barcelona,uab.cat,,052g8jq94
UAKS,University of Arkansas System,uasys.edu,,05vvhh982
UAR,University of Arkansas,uark.edu,,05jbt9m15
UBKV,Uttar Banga Krishi Viswavidyalaya,ubkv.ac.in,,02c8fr539
UBR,University of Bristol,bristol.ac.uk,,0524sp257
UCB,"University of California, Berkeley",berkeley.edu,,01an7q238
UCBU,Université Catholique de Bukavu,ucbukavu.ac.cd,,03cg80535
UCD,"University of California, Davis",ucdavis.edu,,05rrcem69
UCR,"University of California, Riverside",ucr.edu,,03nawhv43
UCRC,Universidad de Costa Rica,ucr.ac.cr,,02yzgww51
UED,University of Edinburgh,www.ed.ac.uk,,01nrxwf90
UFL,University of Florida,ufl.edu,,02y3ad647
UFS,University of the Free State,ufs.ac.za,,009xwd568
UGRE,University of Greenwich,gre.ac.uk,,00bmj0a71
UGTO,Universidad de Guanajuato,ugto.mx,,058cjye32
UIA,University of Iowa,uiowa.edu,,036jqmy94
UIUC,University of Illinois Urbana-Champaign,illinois.edu,,047426m28
UKY,University of Kentucky,uky.edu,,02k3smh20
UMD,Univeristy of Maryland,umd.edu,,00yfma824
UMELB,University of Melbourne,unimelb.edu.au,,01ej9dk98
UMICH,University of Michigan,umich.edu,,00jmfr291
UMINN,University of Minnesota,umn.edu,,017zqws13
UMPL,UniversitÈ de Montpellier,umontpellier.fr,,051escj72
UONBI,UniversitÈ de Montpellier,uonbi.ac.ke,,02y9nww90
UNAL,Universidad Nacional de Colombia,unal.edu.co,,059yx9a68
UNIQ,Unique land use,unique-landuse.de,,
UNL,"University of Nebraska, Lincoln",unl.edu,,043mer456
UOR,University of Oregon,uoregon.edu,,0293rh119
UPE,University of Peradeniya,pdn.ac.lk,,025h79t26
UPS,Université Paris-Saclay,universite-paris-saclay.fr,,03s92mv58
UQL,University of Queensland,uq.edu.au,,00rqy9422
USDA-ARS,"United States Department of Agriculture, Agricultural Research Service",uq.edu.au,,02d2m2044
USH,University of Sheffield,sheffield.ac.uk,,05krs5044
USM,University of Southern Mindanao,usm.edu.ph,,04mtcj695
UW,University of Washington,washington.edu,,00cvxb145
UWM,"University of Wisconsin, Madison",wisc.edu,,01y2jtd41
UWP,"University of Wisconsin, Platteville",uwplatt.edu,,02xpkhc07
UZIM,University of Zimbabwe,www.uz.ac.zw,,04ze6rb18
WB,World Bank,worldbank.org,,00ae7jd04
WHRC,Woodwell Climate Research Center,woodwellclimate.org,,04cvvej54
WIU,Western Illinois University,wiu.edu,,02sshz518
WUR,Wageningen University & Research,wur.nl,research.wur.nl/en/datasets/,04qw24q55
YANAPAI,Grupo Yanapai,yanapai.org,,
ZALF,Leibniz Centre for Agricultural Landscape Research,zalf.de,,01ygyzs83
ZARI,Zambian Agriculture Research Institute,zari.gov.zm,,00vz50m28
Harvard Dataverse,Harvard Dataverse,dataverse.harvard.edu,,
Dryad,Dryad,datadryad.org,datadryad.org,00x6h5n95
Zenodo,Zenodo,zenodo.org,zenodo.org,
Figshare,Figshare,figshare.com,figshare.com,041mxqs23
